Title,Price,Rating,Colors,Size,Gender,Timestamp
T-shirt 2,1634400.0,3.9,3,M,Women,2025-03-17 21:55:32
Hoodie 3,7950080.0,4.8,3,L,Unisex,2025-03-17 21:55:32
Pants 4,7476960.0,3.3,3,XL,Men,2025-03-17 21:55:32
Outerwear 5,5145440.0,3.5,3,XXL,Women,2025-03-17 21:55:32
Jacket 6,2453920.0,3.3,3,S,Unisex,2025-03-17 21:55:32
Crewneck 7,6892000.0,4.3,3,M,Men,2025-03-17 21:55:32
T-shirt 8,7802560.0,3.1,3,L,Women,2025-03-17 21:55:32
Hoodie 9,3972160.0,3.2,3,XL,Unisex,2025-03-17 21:55:32
Pants 10,3100160.0,4.2,3,XXL,Men,2025-03-17 21:55:32
Jacket 12,8527840.0,3.9,3,M,Unisex,2025-03-17 21:55:32
Crewneck 13,5447200.0,3.2,3,L,Men,2025-03-17 21:55:32
T-shirt 14,3248800.0,3.8,3,XL,Women,2025-03-17 21:55:32
Hoodie 15,2184160.0,3.6,3,XXL,Unisex,2025-03-17 21:55:32
Outerwear 17,841600.0,3.8,3,M,Women,2025-03-17 21:55:32
Jacket 18,5500000.0,3.8,3,L,Unisex,2025-03-17 21:55:32
Crewneck 19,1308960.0,3.6,3,XL,Men,2025-03-17 21:55:32
T-shirt 20,1325600.0,3.4,3,XXL,Women,2025-03-17 21:55:32
T-shirt 2,1634400.0,3.9,3,M,Women,2025-03-17 21:55:33
Hoodie 3,7950080.0,4.8,3,L,Unisex,2025-03-17 21:55:33
Pants 4,7476960.0,3.3,3,XL,Men,2025-03-17 21:55:33
Outerwear 5,5145440.0,3.5,3,XXL,Women,2025-03-17 21:55:33
Jacket 6,2453920.0,3.3,3,S,Unisex,2025-03-17 21:55:33
Crewneck 7,6892000.0,4.3,3,M,Men,2025-03-17 21:55:33
T-shirt 8,7802560.0,3.1,3,L,Women,2025-03-17 21:55:33
Hoodie 9,3972160.0,3.2,3,XL,Unisex,2025-03-17 21:55:33
Pants 10,3100160.0,4.2,3,XXL,Men,2025-03-17 21:55:33
Jacket 12,8527840.0,3.9,3,M,Unisex,2025-03-17 21:55:33
Crewneck 13,5447200.0,3.2,3,L,Men,2025-03-17 21:55:33
T-shirt 14,3248800.0,3.8,3,XL,Women,2025-03-17 21:55:33
Hoodie 15,2184160.0,3.6,3,XXL,Unisex,2025-03-17 21:55:33
Outerwear 17,841600.0,3.8,3,M,Women,2025-03-17 21:55:33
Jacket 18,5500000.0,3.8,3,L,Unisex,2025-03-17 21:55:33
Crewneck 19,1308960.0,3.6,3,XL,Men,2025-03-17 21:55:33
T-shirt 20,1325600.0,3.4,3,XXL,Women,2025-03-17 21:55:33
T-shirt 2,1634400.0,3.9,3,M,Women,2025-03-17 21:55:36
Hoodie 3,7950080.0,4.8,3,L,Unisex,2025-03-17 21:55:36
Pants 4,7476960.0,3.3,3,XL,Men,2025-03-17 21:55:36
Outerwear 5,5145440.0,3.5,3,XXL,Women,2025-03-17 21:55:36
Jacket 6,2453920.0,3.3,3,S,Unisex,2025-03-17 21:55:36
Crewneck 7,6892000.0,4.3,3,M,Men,2025-03-17 21:55:36
T-shirt 8,7802560.0,3.1,3,L,Women,2025-03-17 21:55:36
Hoodie 9,3972160.0,3.2,3,XL,Unisex,2025-03-17 21:55:36
Pants 10,3100160.0,4.2,3,XXL,Men,2025-03-17 21:55:36
Jacket 12,8527840.0,3.9,3,M,Unisex,2025-03-17 21:55:36
Crewneck 13,5447200.0,3.2,3,L,Men,2025-03-17 21:55:36
T-shirt 14,3248800.0,3.8,3,XL,Women,2025-03-17 21:55:36
Hoodie 15,2184160.0,3.6,3,XXL,Unisex,2025-03-17 21:55:36
Outerwear 17,841600.0,3.8,3,M,Women,2025-03-17 21:55:36
Jacket 18,5500000.0,3.8,3,L,Unisex,2025-03-17 21:55:36
Crewneck 19,1308960.0,3.6,3,XL,Men,2025-03-17 21:55:36
T-shirt 20,1325600.0,3.4,3,XXL,Women,2025-03-17 21:55:36
T-shirt 2,1634400.0,3.9,3,M,Women,2025-03-17 21:55:37
Hoodie 3,7950080.0,4.8,3,L,Unisex,2025-03-17 21:55:37
Pants 4,7476960.0,3.3,3,XL,Men,2025-03-17 21:55:37
Outerwear 5,5145440.0,3.5,3,XXL,Women,2025-03-17 21:55:37
Jacket 6,2453920.0,3.3,3,S,Unisex,2025-03-17 21:55:37
Crewneck 7,6892000.0,4.3,3,M,Men,2025-03-17 21:55:37
T-shirt 8,7802560.0,3.1,3,L,Women,2025-03-17 21:55:37
Hoodie 9,3972160.0,3.2,3,XL,Unisex,2025-03-17 21:55:37
Pants 10,3100160.0,4.2,3,XXL,Men,2025-03-17 21:55:37
Jacket 12,8527840.0,3.9,3,M,Unisex,2025-03-17 21:55:37
Crewneck 13,5447200.0,3.2,3,L,Men,2025-03-17 21:55:37
T-shirt 14,3248800.0,3.8,3,XL,Women,2025-03-17 21:55:37
Hoodie 15,2184160.0,3.6,3,XXL,Unisex,2025-03-17 21:55:37
Outerwear 17,841600.0,3.8,3,M,Women,2025-03-17 21:55:37
Jacket 18,5500000.0,3.8,3,L,Unisex,2025-03-17 21:55:37
Crewneck 19,1308960.0,3.6,3,XL,Men,2025-03-17 21:55:37
T-shirt 20,1325600.0,3.4,3,XXL,Women,2025-03-17 21:55:37
T-shirt 2,1634400.0,3.9,3,M,Women,2025-03-17 21:55:38
Hoodie 3,7950080.0,4.8,3,L,Unisex,2025-03-17 21:55:38
Pants 4,7476960.0,3.3,3,XL,Men,2025-03-17 21:55:38
Outerwear 5,5145440.0,3.5,3,XXL,Women,2025-03-17 21:55:38
Jacket 6,2453920.0,3.3,3,S,Unisex,2025-03-17 21:55:38
Crewneck 7,6892000.0,4.3,3,M,Men,2025-03-17 21:55:38
T-shirt 8,7802560.0,3.1,3,L,Women,2025-03-17 21:55:38
Hoodie 9,3972160.0,3.2,3,XL,Unisex,2025-03-17 21:55:38
Pants 10,3100160.0,4.2,3,XXL,Men,2025-03-17 21:55:38
Jacket 12,8527840.0,3.9,3,M,Unisex,2025-03-17 21:55:38
Crewneck 13,5447200.0,3.2,3,L,Men,2025-03-17 21:55:38
T-shirt 14,3248800.0,3.8,3,XL,Women,2025-03-17 21:55:38
Hoodie 15,2184160.0,3.6,3,XXL,Unisex,2025-03-17 21:55:38
Outerwear 17,841600.0,3.8,3,M,Women,2025-03-17 21:55:38
Jacket 18,5500000.0,3.8,3,L,Unisex,2025-03-17 21:55:38
Crewneck 19,1308960.0,3.6,3,XL,Men,2025-03-17 21:55:38
T-shirt 20,1325600.0,3.4,3,XXL,Women,2025-03-17 21:55:38
T-shirt 2,1634400.0,3.9,3,M,Women,2025-03-17 21:55:40
Hoodie 3,7950080.0,4.8,3,L,Unisex,2025-03-17 21:55:40
Pants 4,7476960.0,3.3,3,XL,Men,2025-03-17 21:55:40
Outerwear 5,5145440.0,3.5,3,XXL,Women,2025-03-17 21:55:40
Jacket 6,2453920.0,3.3,3,S,Unisex,2025-03-17 21:55:40
Crewneck 7,6892000.0,4.3,3,M,Men,2025-03-17 21:55:40
T-shirt 8,7802560.0,3.1,3,L,Women,2025-03-17 21:55:40
Hoodie 9,3972160.0,3.2,3,XL,Unisex,2025-03-17 21:55:40
Pants 10,3100160.0,4.2,3,XXL,Men,2025-03-17 21:55:40
Jacket 12,8527840.0,3.9,3,M,Unisex,2025-03-17 21:55:40
Crewneck 13,5447200.0,3.2,3,L,Men,2025-03-17 21:55:40
T-shirt 14,3248800.0,3.8,3,XL,Women,2025-03-17 21:55:40
Hoodie 15,2184160.0,3.6,3,XXL,Unisex,2025-03-17 21:55:40
Outerwear 17,841600.0,3.8,3,M,Women,2025-03-17 21:55:40
Jacket 18,5500000.0,3.8,3,L,Unisex,2025-03-17 21:55:40
Crewneck 19,1308960.0,3.6,3,XL,Men,2025-03-17 21:55:40
T-shirt 20,1325600.0,3.4,3,XXL,Women,2025-03-17 21:55:40
T-shirt 2,1634400.0,3.9,3,M,Women,2025-03-17 21:55:41
Hoodie 3,7950080.0,4.8,3,L,Unisex,2025-03-17 21:55:41
Pants 4,7476960.0,3.3,3,XL,Men,2025-03-17 21:55:41
Outerwear 5,5145440.0,3.5,3,XXL,Women,2025-03-17 21:55:41
Jacket 6,2453920.0,3.3,3,S,Unisex,2025-03-17 21:55:41
Crewneck 7,6892000.0,4.3,3,M,Men,2025-03-17 21:55:41
T-shirt 8,7802560.0,3.1,3,L,Women,2025-03-17 21:55:41
Hoodie 9,3972160.0,3.2,3,XL,Unisex,2025-03-17 21:55:41
Pants 10,3100160.0,4.2,3,XXL,Men,2025-03-17 21:55:41
Jacket 12,8527840.0,3.9,3,M,Unisex,2025-03-17 21:55:41
Crewneck 13,5447200.0,3.2,3,L,Men,2025-03-17 21:55:41
T-shirt 14,3248800.0,3.8,3,XL,Women,2025-03-17 21:55:41
Hoodie 15,2184160.0,3.6,3,XXL,Unisex,2025-03-17 21:55:41
Outerwear 17,841600.0,3.8,3,M,Women,2025-03-17 21:55:41
Jacket 18,5500000.0,3.8,3,L,Unisex,2025-03-17 21:55:41
Crewneck 19,1308960.0,3.6,3,XL,Men,2025-03-17 21:55:41
T-shirt 20,1325600.0,3.4,3,XXL,Women,2025-03-17 21:55:41
T-shirt 2,1634400.0,3.9,3,M,Women,2025-03-17 21:55:42
Hoodie 3,7950080.0,4.8,3,L,Unisex,2025-03-17 21:55:42
Pants 4,7476960.0,3.3,3,XL,Men,2025-03-17 21:55:42
Outerwear 5,5145440.0,3.5,3,XXL,Women,2025-03-17 21:55:42
Jacket 6,2453920.0,3.3,3,S,Unisex,2025-03-17 21:55:42
Crewneck 7,6892000.0,4.3,3,M,Men,2025-03-17 21:55:42
T-shirt 8,7802560.0,3.1,3,L,Women,2025-03-17 21:55:42
Hoodie 9,3972160.0,3.2,3,XL,Unisex,2025-03-17 21:55:42
Pants 10,3100160.0,4.2,3,XXL,Men,2025-03-17 21:55:42
Jacket 12,8527840.0,3.9,3,M,Unisex,2025-03-17 21:55:42
Crewneck 13,5447200.0,3.2,3,L,Men,2025-03-17 21:55:42
T-shirt 14,3248800.0,3.8,3,XL,Women,2025-03-17 21:55:42
Hoodie 15,2184160.0,3.6,3,XXL,Unisex,2025-03-17 21:55:42
Outerwear 17,841600.0,3.8,3,M,Women,2025-03-17 21:55:42
Jacket 18,5500000.0,3.8,3,L,Unisex,2025-03-17 21:55:42
Crewneck 19,1308960.0,3.6,3,XL,Men,2025-03-17 21:55:42
T-shirt 20,1325600.0,3.4,3,XXL,Women,2025-03-17 21:55:42
T-shirt 2,1634400.0,3.9,3,M,Women,2025-03-17 21:55:43
Hoodie 3,7950080.0,4.8,3,L,Unisex,2025-03-17 21:55:43
Pants 4,7476960.0,3.3,3,XL,Men,2025-03-17 21:55:43
Outerwear 5,5145440.0,3.5,3,XXL,Women,2025-03-17 21:55:43
Jacket 6,2453920.0,3.3,3,S,Unisex,2025-03-17 21:55:43
Crewneck 7,6892000.0,4.3,3,M,Men,2025-03-17 21:55:43
T-shirt 8,7802560.0,3.1,3,L,Women,2025-03-17 21:55:43
Hoodie 9,3972160.0,3.2,3,XL,Unisex,2025-03-17 21:55:43
Pants 10,3100160.0,4.2,3,XXL,Men,2025-03-17 21:55:43
Jacket 12,8527840.0,3.9,3,M,Unisex,2025-03-17 21:55:43
Crewneck 13,5447200.0,3.2,3,L,Men,2025-03-17 21:55:43
T-shirt 14,3248800.0,3.8,3,XL,Women,2025-03-17 21:55:43
Hoodie 15,2184160.0,3.6,3,XXL,Unisex,2025-03-17 21:55:43
Outerwear 17,841600.0,3.8,3,M,Women,2025-03-17 21:55:43
Jacket 18,5500000.0,3.8,3,L,Unisex,2025-03-17 21:55:43
Crewneck 19,1308960.0,3.6,3,XL,Men,2025-03-17 21:55:43
T-shirt 20,1325600.0,3.4,3,XXL,Women,2025-03-17 21:55:43
T-shirt 2,1634400.0,3.9,3,M,Women,2025-03-17 21:55:44
Hoodie 3,7950080.0,4.8,3,L,Unisex,2025-03-17 21:55:44
Pants 4,7476960.0,3.3,3,XL,Men,2025-03-17 21:55:44
Outerwear 5,5145440.0,3.5,3,XXL,Women,2025-03-17 21:55:44
Jacket 6,2453920.0,3.3,3,S,Unisex,2025-03-17 21:55:44
Crewneck 7,6892000.0,4.3,3,M,Men,2025-03-17 21:55:44
T-shirt 8,7802560.0,3.1,3,L,Women,2025-03-17 21:55:44
Hoodie 9,3972160.0,3.2,3,XL,Unisex,2025-03-17 21:55:44
Pants 10,3100160.0,4.2,3,XXL,Men,2025-03-17 21:55:44
Jacket 12,8527840.0,3.9,3,M,Unisex,2025-03-17 21:55:44
Crewneck 13,5447200.0,3.2,3,L,Men,2025-03-17 21:55:44
T-shirt 14,3248800.0,3.8,3,XL,Women,2025-03-17 21:55:44
Hoodie 15,2184160.0,3.6,3,XXL,Unisex,2025-03-17 21:55:44
Outerwear 17,841600.0,3.8,3,M,Women,2025-03-17 21:55:44
Jacket 18,5500000.0,3.8,3,L,Unisex,2025-03-17 21:55:44
Crewneck 19,1308960.0,3.6,3,XL,Men,2025-03-17 21:55:44
T-shirt 20,1325600.0,3.4,3,XXL,Women,2025-03-17 21:55:44
T-shirt 2,1634400.0,3.9,3,M,Women,2025-03-17 21:55:46
Hoodie 3,7950080.0,4.8,3,L,Unisex,2025-03-17 21:55:46
Pants 4,7476960.0,3.3,3,XL,Men,2025-03-17 21:55:46
Outerwear 5,5145440.0,3.5,3,XXL,Women,2025-03-17 21:55:46
Jacket 6,2453920.0,3.3,3,S,Unisex,2025-03-17 21:55:46
Crewneck 7,6892000.0,4.3,3,M,Men,2025-03-17 21:55:46
T-shirt 8,7802560.0,3.1,3,L,Women,2025-03-17 21:55:46
Hoodie 9,3972160.0,3.2,3,XL,Unisex,2025-03-17 21:55:46
Pants 10,3100160.0,4.2,3,XXL,Men,2025-03-17 21:55:46
Jacket 12,8527840.0,3.9,3,M,Unisex,2025-03-17 21:55:46
Crewneck 13,5447200.0,3.2,3,L,Men,2025-03-17 21:55:46
T-shirt 14,3248800.0,3.8,3,XL,Women,2025-03-17 21:55:46
Hoodie 15,2184160.0,3.6,3,XXL,Unisex,2025-03-17 21:55:46
Outerwear 17,841600.0,3.8,3,M,Women,2025-03-17 21:55:46
Jacket 18,5500000.0,3.8,3,L,Unisex,2025-03-17 21:55:46
Crewneck 19,1308960.0,3.6,3,XL,Men,2025-03-17 21:55:46
T-shirt 20,1325600.0,3.4,3,XXL,Women,2025-03-17 21:55:46
T-shirt 2,1634400.0,3.9,3,M,Women,2025-03-17 21:55:47
Hoodie 3,7950080.0,4.8,3,L,Unisex,2025-03-17 21:55:47
Pants 4,7476960.0,3.3,3,XL,Men,2025-03-17 21:55:47
Outerwear 5,5145440.0,3.5,3,XXL,Women,2025-03-17 21:55:47
Jacket 6,2453920.0,3.3,3,S,Unisex,2025-03-17 21:55:47
Crewneck 7,6892000.0,4.3,3,M,Men,2025-03-17 21:55:47
T-shirt 8,7802560.0,3.1,3,L,Women,2025-03-17 21:55:47
Hoodie 9,3972160.0,3.2,3,XL,Unisex,2025-03-17 21:55:47
Pants 10,3100160.0,4.2,3,XXL,Men,2025-03-17 21:55:47
Jacket 12,8527840.0,3.9,3,M,Unisex,2025-03-17 21:55:47
Crewneck 13,5447200.0,3.2,3,L,Men,2025-03-17 21:55:47
T-shirt 14,3248800.0,3.8,3,XL,Women,2025-03-17 21:55:47
Hoodie 15,2184160.0,3.6,3,XXL,Unisex,2025-03-17 21:55:47
Outerwear 17,841600.0,3.8,3,M,Women,2025-03-17 21:55:47
Jacket 18,5500000.0,3.8,3,L,Unisex,2025-03-17 21:55:47
Crewneck 19,1308960.0,3.6,3,XL,Men,2025-03-17 21:55:47
T-shirt 20,1325600.0,3.4,3,XXL,Women,2025-03-17 21:55:47
T-shirt 2,1634400.0,3.9,3,M,Women,2025-03-17 21:55:48
Hoodie 3,7950080.0,4.8,3,L,Unisex,2025-03-17 21:55:48
Pants 4,7476960.0,3.3,3,XL,Men,2025-03-17 21:55:48
Outerwear 5,5145440.0,3.5,3,XXL,Women,2025-03-17 21:55:48
Jacket 6,2453920.0,3.3,3,S,Unisex,2025-03-17 21:55:48
Crewneck 7,6892000.0,4.3,3,M,Men,2025-03-17 21:55:48
T-shirt 8,7802560.0,3.1,3,L,Women,2025-03-17 21:55:48
Hoodie 9,3972160.0,3.2,3,XL,Unisex,2025-03-17 21:55:48
Pants 10,3100160.0,4.2,3,XXL,Men,2025-03-17 21:55:48
Jacket 12,8527840.0,3.9,3,M,Unisex,2025-03-17 21:55:48
Crewneck 13,5447200.0,3.2,3,L,Men,2025-03-17 21:55:48
T-shirt 14,3248800.0,3.8,3,XL,Women,2025-03-17 21:55:48
Hoodie 15,2184160.0,3.6,3,XXL,Unisex,2025-03-17 21:55:48
Outerwear 17,841600.0,3.8,3,M,Women,2025-03-17 21:55:48
Jacket 18,5500000.0,3.8,3,L,Unisex,2025-03-17 21:55:48
Crewneck 19,1308960.0,3.6,3,XL,Men,2025-03-17 21:55:48
T-shirt 20,1325600.0,3.4,3,XXL,Women,2025-03-17 21:55:48
T-shirt 2,1634400.0,3.9,3,M,Women,2025-03-17 21:55:49
Hoodie 3,7950080.0,4.8,3,L,Unisex,2025-03-17 21:55:49
Pants 4,7476960.0,3.3,3,XL,Men,2025-03-17 21:55:49
Outerwear 5,5145440.0,3.5,3,XXL,Women,2025-03-17 21:55:49
Jacket 6,2453920.0,3.3,3,S,Unisex,2025-03-17 21:55:49
Crewneck 7,6892000.0,4.3,3,M,Men,2025-03-17 21:55:49
T-shirt 8,7802560.0,3.1,3,L,Women,2025-03-17 21:55:49
Hoodie 9,3972160.0,3.2,3,XL,Unisex,2025-03-17 21:55:49
Pants 10,3100160.0,4.2,3,XXL,Men,2025-03-17 21:55:49
Jacket 12,8527840.0,3.9,3,M,Unisex,2025-03-17 21:55:49
Crewneck 13,5447200.0,3.2,3,L,Men,2025-03-17 21:55:49
T-shirt 14,3248800.0,3.8,3,XL,Women,2025-03-17 21:55:49
Hoodie 15,2184160.0,3.6,3,XXL,Unisex,2025-03-17 21:55:49
Outerwear 17,841600.0,3.8,3,M,Women,2025-03-17 21:55:49
Jacket 18,5500000.0,3.8,3,L,Unisex,2025-03-17 21:55:49
Crewneck 19,1308960.0,3.6,3,XL,Men,2025-03-17 21:55:49
T-shirt 20,1325600.0,3.4,3,XXL,Women,2025-03-17 21:55:49
T-shirt 2,1634400.0,3.9,3,M,Women,2025-03-17 21:55:51
Hoodie 3,7950080.0,4.8,3,L,Unisex,2025-03-17 21:55:51
Pants 4,7476960.0,3.3,3,XL,Men,2025-03-17 21:55:51
Outerwear 5,5145440.0,3.5,3,XXL,Women,2025-03-17 21:55:51
Jacket 6,2453920.0,3.3,3,S,Unisex,2025-03-17 21:55:51
Crewneck 7,6892000.0,4.3,3,M,Men,2025-03-17 21:55:51
T-shirt 8,7802560.0,3.1,3,L,Women,2025-03-17 21:55:51
Hoodie 9,3972160.0,3.2,3,XL,Unisex,2025-03-17 21:55:51
Pants 10,3100160.0,4.2,3,XXL,Men,2025-03-17 21:55:51
Jacket 12,8527840.0,3.9,3,M,Unisex,2025-03-17 21:55:51
Crewneck 13,5447200.0,3.2,3,L,Men,2025-03-17 21:55:51
T-shirt 14,3248800.0,3.8,3,XL,Women,2025-03-17 21:55:51
Hoodie 15,2184160.0,3.6,3,XXL,Unisex,2025-03-17 21:55:51
Outerwear 17,841600.0,3.8,3,M,Women,2025-03-17 21:55:51
Jacket 18,5500000.0,3.8,3,L,Unisex,2025-03-17 21:55:51
Crewneck 19,1308960.0,3.6,3,XL,Men,2025-03-17 21:55:51
T-shirt 20,1325600.0,3.4,3,XXL,Women,2025-03-17 21:55:51
T-shirt 2,1634400.0,3.9,3,M,Women,2025-03-17 21:55:52
Hoodie 3,7950080.0,4.8,3,L,Unisex,2025-03-17 21:55:52
Pants 4,7476960.0,3.3,3,XL,Men,2025-03-17 21:55:52
Outerwear 5,5145440.0,3.5,3,XXL,Women,2025-03-17 21:55:52
Jacket 6,2453920.0,3.3,3,S,Unisex,2025-03-17 21:55:52
Crewneck 7,6892000.0,4.3,3,M,Men,2025-03-17 21:55:52
T-shirt 8,7802560.0,3.1,3,L,Women,2025-03-17 21:55:52
Hoodie 9,3972160.0,3.2,3,XL,Unisex,2025-03-17 21:55:52
Pants 10,3100160.0,4.2,3,XXL,Men,2025-03-17 21:55:52
Jacket 12,8527840.0,3.9,3,M,Unisex,2025-03-17 21:55:52
Crewneck 13,5447200.0,3.2,3,L,Men,2025-03-17 21:55:52
T-shirt 14,3248800.0,3.8,3,XL,Women,2025-03-17 21:55:52
Hoodie 15,2184160.0,3.6,3,XXL,Unisex,2025-03-17 21:55:52
Outerwear 17,841600.0,3.8,3,M,Women,2025-03-17 21:55:52
Jacket 18,5500000.0,3.8,3,L,Unisex,2025-03-17 21:55:52
Crewneck 19,1308960.0,3.6,3,XL,Men,2025-03-17 21:55:52
T-shirt 20,1325600.0,3.4,3,XXL,Women,2025-03-17 21:55:52
T-shirt 2,1634400.0,3.9,3,M,Women,2025-03-17 21:55:53
Hoodie 3,7950080.0,4.8,3,L,Unisex,2025-03-17 21:55:53
Pants 4,7476960.0,3.3,3,XL,Men,2025-03-17 21:55:53
Outerwear 5,5145440.0,3.5,3,XXL,Women,2025-03-17 21:55:53
Jacket 6,2453920.0,3.3,3,S,Unisex,2025-03-17 21:55:53
Crewneck 7,6892000.0,4.3,3,M,Men,2025-03-17 21:55:53
T-shirt 8,7802560.0,3.1,3,L,Women,2025-03-17 21:55:53
Hoodie 9,3972160.0,3.2,3,XL,Unisex,2025-03-17 21:55:53
Pants 10,3100160.0,4.2,3,XXL,Men,2025-03-17 21:55:53
Jacket 12,8527840.0,3.9,3,M,Unisex,2025-03-17 21:55:53
Crewneck 13,5447200.0,3.2,3,L,Men,2025-03-17 21:55:53
T-shirt 14,3248800.0,3.8,3,XL,Women,2025-03-17 21:55:53
Hoodie 15,2184160.0,3.6,3,XXL,Unisex,2025-03-17 21:55:53
Outerwear 17,841600.0,3.8,3,M,Women,2025-03-17 21:55:53
Jacket 18,5500000.0,3.8,3,L,Unisex,2025-03-17 21:55:53
Crewneck 19,1308960.0,3.6,3,XL,Men,2025-03-17 21:55:53
T-shirt 20,1325600.0,3.4,3,XXL,Women,2025-03-17 21:55:53
T-shirt 2,1634400.0,3.9,3,M,Women,2025-03-17 21:55:54
Hoodie 3,7950080.0,4.8,3,L,Unisex,2025-03-17 21:55:54
Pants 4,7476960.0,3.3,3,XL,Men,2025-03-17 21:55:54
Outerwear 5,5145440.0,3.5,3,XXL,Women,2025-03-17 21:55:54
Jacket 6,2453920.0,3.3,3,S,Unisex,2025-03-17 21:55:54
Crewneck 7,6892000.0,4.3,3,M,Men,2025-03-17 21:55:54
T-shirt 8,7802560.0,3.1,3,L,Women,2025-03-17 21:55:54
Hoodie 9,3972160.0,3.2,3,XL,Unisex,2025-03-17 21:55:54
Pants 10,3100160.0,4.2,3,XXL,Men,2025-03-17 21:55:54
Jacket 12,8527840.0,3.9,3,M,Unisex,2025-03-17 21:55:54
Crewneck 13,5447200.0,3.2,3,L,Men,2025-03-17 21:55:54
T-shirt 14,3248800.0,3.8,3,XL,Women,2025-03-17 21:55:54
Hoodie 15,2184160.0,3.6,3,XXL,Unisex,2025-03-17 21:55:54
Outerwear 17,841600.0,3.8,3,M,Women,2025-03-17 21:55:54
Jacket 18,5500000.0,3.8,3,L,Unisex,2025-03-17 21:55:54
Crewneck 19,1308960.0,3.6,3,XL,Men,2025-03-17 21:55:54
T-shirt 20,1325600.0,3.4,3,XXL,Women,2025-03-17 21:55:54
T-shirt 2,1634400.0,3.9,3,M,Women,2025-03-17 21:55:55
Hoodie 3,7950080.0,4.8,3,L,Unisex,2025-03-17 21:55:55
Pants 4,7476960.0,3.3,3,XL,Men,2025-03-17 21:55:55
Outerwear 5,5145440.0,3.5,3,XXL,Women,2025-03-17 21:55:55
Jacket 6,2453920.0,3.3,3,S,Unisex,2025-03-17 21:55:55
Crewneck 7,6892000.0,4.3,3,M,Men,2025-03-17 21:55:55
T-shirt 8,7802560.0,3.1,3,L,Women,2025-03-17 21:55:55
Hoodie 9,3972160.0,3.2,3,XL,Unisex,2025-03-17 21:55:55
Pants 10,3100160.0,4.2,3,XXL,Men,2025-03-17 21:55:55
Jacket 12,8527840.0,3.9,3,M,Unisex,2025-03-17 21:55:55
Crewneck 13,5447200.0,3.2,3,L,Men,2025-03-17 21:55:55
T-shirt 14,3248800.0,3.8,3,XL,Women,2025-03-17 21:55:55
Hoodie 15,2184160.0,3.6,3,XXL,Unisex,2025-03-17 21:55:55
Outerwear 17,841600.0,3.8,3,M,Women,2025-03-17 21:55:55
Jacket 18,5500000.0,3.8,3,L,Unisex,2025-03-17 21:55:55
Crewneck 19,1308960.0,3.6,3,XL,Men,2025-03-17 21:55:55
T-shirt 20,1325600.0,3.4,3,XXL,Women,2025-03-17 21:55:55
T-shirt 2,1634400.0,3.9,3,M,Women,2025-03-17 21:55:56
Hoodie 3,7950080.0,4.8,3,L,Unisex,2025-03-17 21:55:56
Pants 4,7476960.0,3.3,3,XL,Men,2025-03-17 21:55:56
Outerwear 5,5145440.0,3.5,3,XXL,Women,2025-03-17 21:55:56
Jacket 6,2453920.0,3.3,3,S,Unisex,2025-03-17 21:55:56
Crewneck 7,6892000.0,4.3,3,M,Men,2025-03-17 21:55:56
T-shirt 8,7802560.0,3.1,3,L,Women,2025-03-17 21:55:56
Hoodie 9,3972160.0,3.2,3,XL,Unisex,2025-03-17 21:55:56
Pants 10,3100160.0,4.2,3,XXL,Men,2025-03-17 21:55:56
Jacket 12,8527840.0,3.9,3,M,Unisex,2025-03-17 21:55:56
Crewneck 13,5447200.0,3.2,3,L,Men,2025-03-17 21:55:56
T-shirt 14,3248800.0,3.8,3,XL,Women,2025-03-17 21:55:56
Hoodie 15,2184160.0,3.6,3,XXL,Unisex,2025-03-17 21:55:56
Outerwear 17,841600.0,3.8,3,M,Women,2025-03-17 21:55:56
Jacket 18,5500000.0,3.8,3,L,Unisex,2025-03-17 21:55:56
Crewneck 19,1308960.0,3.6,3,XL,Men,2025-03-17 21:55:56
T-shirt 20,1325600.0,3.4,3,XXL,Women,2025-03-17 21:55:56
T-shirt 2,1634400.0,3.9,3,M,Women,2025-03-17 21:55:58
Hoodie 3,7950080.0,4.8,3,L,Unisex,2025-03-17 21:55:58
Pants 4,7476960.0,3.3,3,XL,Men,2025-03-17 21:55:58
Outerwear 5,5145440.0,3.5,3,XXL,Women,2025-03-17 21:55:58
Jacket 6,2453920.0,3.3,3,S,Unisex,2025-03-17 21:55:58
Crewneck 7,6892000.0,4.3,3,M,Men,2025-03-17 21:55:58
T-shirt 8,7802560.0,3.1,3,L,Women,2025-03-17 21:55:58
Hoodie 9,3972160.0,3.2,3,XL,Unisex,2025-03-17 21:55:58
Pants 10,3100160.0,4.2,3,XXL,Men,2025-03-17 21:55:58
Jacket 12,8527840.0,3.9,3,M,Unisex,2025-03-17 21:55:58
Crewneck 13,5447200.0,3.2,3,L,Men,2025-03-17 21:55:58
T-shirt 14,3248800.0,3.8,3,XL,Women,2025-03-17 21:55:58
Hoodie 15,2184160.0,3.6,3,XXL,Unisex,2025-03-17 21:55:58
Outerwear 17,841600.0,3.8,3,M,Women,2025-03-17 21:55:58
Jacket 18,5500000.0,3.8,3,L,Unisex,2025-03-17 21:55:58
Crewneck 19,1308960.0,3.6,3,XL,Men,2025-03-17 21:55:58
T-shirt 20,1325600.0,3.4,3,XXL,Women,2025-03-17 21:55:58
T-shirt 2,1634400.0,3.9,3,M,Women,2025-03-17 21:55:59
Hoodie 3,7950080.0,4.8,3,L,Unisex,2025-03-17 21:55:59
Pants 4,7476960.0,3.3,3,XL,Men,2025-03-17 21:55:59
Outerwear 5,5145440.0,3.5,3,XXL,Women,2025-03-17 21:55:59
Jacket 6,2453920.0,3.3,3,S,Unisex,2025-03-17 21:55:59
Crewneck 7,6892000.0,4.3,3,M,Men,2025-03-17 21:55:59
T-shirt 8,7802560.0,3.1,3,L,Women,2025-03-17 21:55:59
Hoodie 9,3972160.0,3.2,3,XL,Unisex,2025-03-17 21:55:59
Pants 10,3100160.0,4.2,3,XXL,Men,2025-03-17 21:55:59
Jacket 12,8527840.0,3.9,3,M,Unisex,2025-03-17 21:55:59
Crewneck 13,5447200.0,3.2,3,L,Men,2025-03-17 21:55:59
T-shirt 14,3248800.0,3.8,3,XL,Women,2025-03-17 21:55:59
Hoodie 15,2184160.0,3.6,3,XXL,Unisex,2025-03-17 21:55:59
Outerwear 17,841600.0,3.8,3,M,Women,2025-03-17 21:55:59
Jacket 18,5500000.0,3.8,3,L,Unisex,2025-03-17 21:55:59
Crewneck 19,1308960.0,3.6,3,XL,Men,2025-03-17 21:55:59
T-shirt 20,1325600.0,3.4,3,XXL,Women,2025-03-17 21:55:59
T-shirt 2,1634400.0,3.9,3,M,Women,2025-03-17 21:56:01
Hoodie 3,7950080.0,4.8,3,L,Unisex,2025-03-17 21:56:01
Pants 4,7476960.0,3.3,3,XL,Men,2025-03-17 21:56:01
Outerwear 5,5145440.0,3.5,3,XXL,Women,2025-03-17 21:56:01
Jacket 6,2453920.0,3.3,3,S,Unisex,2025-03-17 21:56:01
Crewneck 7,6892000.0,4.3,3,M,Men,2025-03-17 21:56:01
T-shirt 8,7802560.0,3.1,3,L,Women,2025-03-17 21:56:01
Hoodie 9,3972160.0,3.2,3,XL,Unisex,2025-03-17 21:56:01
Pants 10,3100160.0,4.2,3,XXL,Men,2025-03-17 21:56:01
Jacket 12,8527840.0,3.9,3,M,Unisex,2025-03-17 21:56:01
Crewneck 13,5447200.0,3.2,3,L,Men,2025-03-17 21:56:01
T-shirt 14,3248800.0,3.8,3,XL,Women,2025-03-17 21:56:01
Hoodie 15,2184160.0,3.6,3,XXL,Unisex,2025-03-17 21:56:01
Outerwear 17,841600.0,3.8,3,M,Women,2025-03-17 21:56:01
Jacket 18,5500000.0,3.8,3,L,Unisex,2025-03-17 21:56:01
Crewneck 19,1308960.0,3.6,3,XL,Men,2025-03-17 21:56:01
T-shirt 20,1325600.0,3.4,3,XXL,Women,2025-03-17 21:56:01
T-shirt 2,1634400.0,3.9,3,M,Women,2025-03-17 21:56:02
Hoodie 3,7950080.0,4.8,3,L,Unisex,2025-03-17 21:56:02
Pants 4,7476960.0,3.3,3,XL,Men,2025-03-17 21:56:02
Outerwear 5,5145440.0,3.5,3,XXL,Women,2025-03-17 21:56:02
Jacket 6,2453920.0,3.3,3,S,Unisex,2025-03-17 21:56:02
Crewneck 7,6892000.0,4.3,3,M,Men,2025-03-17 21:56:02
T-shirt 8,7802560.0,3.1,3,L,Women,2025-03-17 21:56:02
Hoodie 9,3972160.0,3.2,3,XL,Unisex,2025-03-17 21:56:02
Pants 10,3100160.0,4.2,3,XXL,Men,2025-03-17 21:56:02
Jacket 12,8527840.0,3.9,3,M,Unisex,2025-03-17 21:56:02
Crewneck 13,5447200.0,3.2,3,L,Men,2025-03-17 21:56:02
T-shirt 14,3248800.0,3.8,3,XL,Women,2025-03-17 21:56:02
Hoodie 15,2184160.0,3.6,3,XXL,Unisex,2025-03-17 21:56:02
Outerwear 17,841600.0,3.8,3,M,Women,2025-03-17 21:56:02
Jacket 18,5500000.0,3.8,3,L,Unisex,2025-03-17 21:56:02
Crewneck 19,1308960.0,3.6,3,XL,Men,2025-03-17 21:56:02
T-shirt 20,1325600.0,3.4,3,XXL,Women,2025-03-17 21:56:02
T-shirt 2,1634400.0,3.9,3,M,Women,2025-03-17 21:56:03
Hoodie 3,7950080.0,4.8,3,L,Unisex,2025-03-17 21:56:03
Pants 4,7476960.0,3.3,3,XL,Men,2025-03-17 21:56:03
Outerwear 5,5145440.0,3.5,3,XXL,Women,2025-03-17 21:56:03
Jacket 6,2453920.0,3.3,3,S,Unisex,2025-03-17 21:56:03
Crewneck 7,6892000.0,4.3,3,M,Men,2025-03-17 21:56:03
T-shirt 8,7802560.0,3.1,3,L,Women,2025-03-17 21:56:03
Hoodie 9,3972160.0,3.2,3,XL,Unisex,2025-03-17 21:56:03
Pants 10,3100160.0,4.2,3,XXL,Men,2025-03-17 21:56:03
Jacket 12,8527840.0,3.9,3,M,Unisex,2025-03-17 21:56:03
Crewneck 13,5447200.0,3.2,3,L,Men,2025-03-17 21:56:03
T-shirt 14,3248800.0,3.8,3,XL,Women,2025-03-17 21:56:03
Hoodie 15,2184160.0,3.6,3,XXL,Unisex,2025-03-17 21:56:03
Outerwear 17,841600.0,3.8,3,M,Women,2025-03-17 21:56:03
Jacket 18,5500000.0,3.8,3,L,Unisex,2025-03-17 21:56:03
Crewneck 19,1308960.0,3.6,3,XL,Men,2025-03-17 21:56:03
T-shirt 20,1325600.0,3.4,3,XXL,Women,2025-03-17 21:56:03
T-shirt 2,1634400.0,3.9,3,M,Women,2025-03-17 21:56:04
Hoodie 3,7950080.0,4.8,3,L,Unisex,2025-03-17 21:56:04
Pants 4,7476960.0,3.3,3,XL,Men,2025-03-17 21:56:04
Outerwear 5,5145440.0,3.5,3,XXL,Women,2025-03-17 21:56:04
Jacket 6,2453920.0,3.3,3,S,Unisex,2025-03-17 21:56:04
Crewneck 7,6892000.0,4.3,3,M,Men,2025-03-17 21:56:04
T-shirt 8,7802560.0,3.1,3,L,Women,2025-03-17 21:56:04
Hoodie 9,3972160.0,3.2,3,XL,Unisex,2025-03-17 21:56:04
Pants 10,3100160.0,4.2,3,XXL,Men,2025-03-17 21:56:04
Jacket 12,8527840.0,3.9,3,M,Unisex,2025-03-17 21:56:04
Crewneck 13,5447200.0,3.2,3,L,Men,2025-03-17 21:56:04
T-shirt 14,3248800.0,3.8,3,XL,Women,2025-03-17 21:56:04
Hoodie 15,2184160.0,3.6,3,XXL,Unisex,2025-03-17 21:56:04
Outerwear 17,841600.0,3.8,3,M,Women,2025-03-17 21:56:04
Jacket 18,5500000.0,3.8,3,L,Unisex,2025-03-17 21:56:04
Crewneck 19,1308960.0,3.6,3,XL,Men,2025-03-17 21:56:04
T-shirt 20,1325600.0,3.4,3,XXL,Women,2025-03-17 21:56:04
T-shirt 2,1634400.0,3.9,3,M,Women,2025-03-17 21:56:05
Hoodie 3,7950080.0,4.8,3,L,Unisex,2025-03-17 21:56:05
Pants 4,7476960.0,3.3,3,XL,Men,2025-03-17 21:56:05
Outerwear 5,5145440.0,3.5,3,XXL,Women,2025-03-17 21:56:05
Jacket 6,2453920.0,3.3,3,S,Unisex,2025-03-17 21:56:05
Crewneck 7,6892000.0,4.3,3,M,Men,2025-03-17 21:56:05
T-shirt 8,7802560.0,3.1,3,L,Women,2025-03-17 21:56:05
Hoodie 9,3972160.0,3.2,3,XL,Unisex,2025-03-17 21:56:05
Pants 10,3100160.0,4.2,3,XXL,Men,2025-03-17 21:56:05
Jacket 12,8527840.0,3.9,3,M,Unisex,2025-03-17 21:56:05
Crewneck 13,5447200.0,3.2,3,L,Men,2025-03-17 21:56:05
T-shirt 14,3248800.0,3.8,3,XL,Women,2025-03-17 21:56:05
Hoodie 15,2184160.0,3.6,3,XXL,Unisex,2025-03-17 21:56:05
Outerwear 17,841600.0,3.8,3,M,Women,2025-03-17 21:56:05
Jacket 18,5500000.0,3.8,3,L,Unisex,2025-03-17 21:56:05
Crewneck 19,1308960.0,3.6,3,XL,Men,2025-03-17 21:56:05
T-shirt 20,1325600.0,3.4,3,XXL,Women,2025-03-17 21:56:05
T-shirt 2,1634400.0,3.9,3,M,Women,2025-03-17 21:56:06
Hoodie 3,7950080.0,4.8,3,L,Unisex,2025-03-17 21:56:06
Pants 4,7476960.0,3.3,3,XL,Men,2025-03-17 21:56:06
Outerwear 5,5145440.0,3.5,3,XXL,Women,2025-03-17 21:56:06
Jacket 6,2453920.0,3.3,3,S,Unisex,2025-03-17 21:56:06
Crewneck 7,6892000.0,4.3,3,M,Men,2025-03-17 21:56:06
T-shirt 8,7802560.0,3.1,3,L,Women,2025-03-17 21:56:06
Hoodie 9,3972160.0,3.2,3,XL,Unisex,2025-03-17 21:56:06
Pants 10,3100160.0,4.2,3,XXL,Men,2025-03-17 21:56:06
Jacket 12,8527840.0,3.9,3,M,Unisex,2025-03-17 21:56:06
Crewneck 13,5447200.0,3.2,3,L,Men,2025-03-17 21:56:06
T-shirt 14,3248800.0,3.8,3,XL,Women,2025-03-17 21:56:06
Hoodie 15,2184160.0,3.6,3,XXL,Unisex,2025-03-17 21:56:06
Outerwear 17,841600.0,3.8,3,M,Women,2025-03-17 21:56:06
Jacket 18,5500000.0,3.8,3,L,Unisex,2025-03-17 21:56:06
Crewneck 19,1308960.0,3.6,3,XL,Men,2025-03-17 21:56:06
T-shirt 20,1325600.0,3.4,3,XXL,Women,2025-03-17 21:56:06
T-shirt 2,1634400.0,3.9,3,M,Women,2025-03-17 21:56:07
Hoodie 3,7950080.0,4.8,3,L,Unisex,2025-03-17 21:56:07
Pants 4,7476960.0,3.3,3,XL,Men,2025-03-17 21:56:07
Outerwear 5,5145440.0,3.5,3,XXL,Women,2025-03-17 21:56:07
Jacket 6,2453920.0,3.3,3,S,Unisex,2025-03-17 21:56:07
Crewneck 7,6892000.0,4.3,3,M,Men,2025-03-17 21:56:07
T-shirt 8,7802560.0,3.1,3,L,Women,2025-03-17 21:56:07
Hoodie 9,3972160.0,3.2,3,XL,Unisex,2025-03-17 21:56:07
Pants 10,3100160.0,4.2,3,XXL,Men,2025-03-17 21:56:07
Jacket 12,8527840.0,3.9,3,M,Unisex,2025-03-17 21:56:07
Crewneck 13,5447200.0,3.2,3,L,Men,2025-03-17 21:56:07
T-shirt 14,3248800.0,3.8,3,XL,Women,2025-03-17 21:56:07
Hoodie 15,2184160.0,3.6,3,XXL,Unisex,2025-03-17 21:56:07
Outerwear 17,841600.0,3.8,3,M,Women,2025-03-17 21:56:07
Jacket 18,5500000.0,3.8,3,L,Unisex,2025-03-17 21:56:07
Crewneck 19,1308960.0,3.6,3,XL,Men,2025-03-17 21:56:07
T-shirt 20,1325600.0,3.4,3,XXL,Women,2025-03-17 21:56:07
T-shirt 2,1634400.0,3.9,3,M,Women,2025-03-17 21:56:09
Hoodie 3,7950080.0,4.8,3,L,Unisex,2025-03-17 21:56:09
Pants 4,7476960.0,3.3,3,XL,Men,2025-03-17 21:56:09
Outerwear 5,5145440.0,3.5,3,XXL,Women,2025-03-17 21:56:09
Jacket 6,2453920.0,3.3,3,S,Unisex,2025-03-17 21:56:09
Crewneck 7,6892000.0,4.3,3,M,Men,2025-03-17 21:56:09
T-shirt 8,7802560.0,3.1,3,L,Women,2025-03-17 21:56:09
Hoodie 9,3972160.0,3.2,3,XL,Unisex,2025-03-17 21:56:09
Pants 10,3100160.0,4.2,3,XXL,Men,2025-03-17 21:56:09
Jacket 12,8527840.0,3.9,3,M,Unisex,2025-03-17 21:56:09
Crewneck 13,5447200.0,3.2,3,L,Men,2025-03-17 21:56:09
T-shirt 14,3248800.0,3.8,3,XL,Women,2025-03-17 21:56:09
Hoodie 15,2184160.0,3.6,3,XXL,Unisex,2025-03-17 21:56:09
Outerwear 17,841600.0,3.8,3,M,Women,2025-03-17 21:56:09
Jacket 18,5500000.0,3.8,3,L,Unisex,2025-03-17 21:56:09
Crewneck 19,1308960.0,3.6,3,XL,Men,2025-03-17 21:56:09
T-shirt 20,1325600.0,3.4,3,XXL,Women,2025-03-17 21:56:09
T-shirt 2,1634400.0,3.9,3,M,Women,2025-03-17 21:56:10
Hoodie 3,7950080.0,4.8,3,L,Unisex,2025-03-17 21:56:10
Pants 4,7476960.0,3.3,3,XL,Men,2025-03-17 21:56:10
Outerwear 5,5145440.0,3.5,3,XXL,Women,2025-03-17 21:56:10
Jacket 6,2453920.0,3.3,3,S,Unisex,2025-03-17 21:56:10
Crewneck 7,6892000.0,4.3,3,M,Men,2025-03-17 21:56:10
T-shirt 8,7802560.0,3.1,3,L,Women,2025-03-17 21:56:10
Hoodie 9,3972160.0,3.2,3,XL,Unisex,2025-03-17 21:56:10
Pants 10,3100160.0,4.2,3,XXL,Men,2025-03-17 21:56:10
Jacket 12,8527840.0,3.9,3,M,Unisex,2025-03-17 21:56:10
Crewneck 13,5447200.0,3.2,3,L,Men,2025-03-17 21:56:10
T-shirt 14,3248800.0,3.8,3,XL,Women,2025-03-17 21:56:10
Hoodie 15,2184160.0,3.6,3,XXL,Unisex,2025-03-17 21:56:10
Outerwear 17,841600.0,3.8,3,M,Women,2025-03-17 21:56:10
Jacket 18,5500000.0,3.8,3,L,Unisex,2025-03-17 21:56:10
Crewneck 19,1308960.0,3.6,3,XL,Men,2025-03-17 21:56:10
T-shirt 20,1325600.0,3.4,3,XXL,Women,2025-03-17 21:56:10
T-shirt 2,1634400.0,3.9,3,M,Women,2025-03-17 21:56:11
Hoodie 3,7950080.0,4.8,3,L,Unisex,2025-03-17 21:56:11
Pants 4,7476960.0,3.3,3,XL,Men,2025-03-17 21:56:11
Outerwear 5,5145440.0,3.5,3,XXL,Women,2025-03-17 21:56:11
Jacket 6,2453920.0,3.3,3,S,Unisex,2025-03-17 21:56:11
Crewneck 7,6892000.0,4.3,3,M,Men,2025-03-17 21:56:11
T-shirt 8,7802560.0,3.1,3,L,Women,2025-03-17 21:56:11
Hoodie 9,3972160.0,3.2,3,XL,Unisex,2025-03-17 21:56:11
Pants 10,3100160.0,4.2,3,XXL,Men,2025-03-17 21:56:11
Jacket 12,8527840.0,3.9,3,M,Unisex,2025-03-17 21:56:11
Crewneck 13,5447200.0,3.2,3,L,Men,2025-03-17 21:56:11
T-shirt 14,3248800.0,3.8,3,XL,Women,2025-03-17 21:56:11
Hoodie 15,2184160.0,3.6,3,XXL,Unisex,2025-03-17 21:56:11
Outerwear 17,841600.0,3.8,3,M,Women,2025-03-17 21:56:11
Jacket 18,5500000.0,3.8,3,L,Unisex,2025-03-17 21:56:11
Crewneck 19,1308960.0,3.6,3,XL,Men,2025-03-17 21:56:11
T-shirt 20,1325600.0,3.4,3,XXL,Women,2025-03-17 21:56:11
T-shirt 2,1634400.0,3.9,3,M,Women,2025-03-17 21:56:12
Hoodie 3,7950080.0,4.8,3,L,Unisex,2025-03-17 21:56:12
Pants 4,7476960.0,3.3,3,XL,Men,2025-03-17 21:56:12
Outerwear 5,5145440.0,3.5,3,XXL,Women,2025-03-17 21:56:12
Jacket 6,2453920.0,3.3,3,S,Unisex,2025-03-17 21:56:12
Crewneck 7,6892000.0,4.3,3,M,Men,2025-03-17 21:56:12
T-shirt 8,7802560.0,3.1,3,L,Women,2025-03-17 21:56:12
Hoodie 9,3972160.0,3.2,3,XL,Unisex,2025-03-17 21:56:12
Pants 10,3100160.0,4.2,3,XXL,Men,2025-03-17 21:56:12
Jacket 12,8527840.0,3.9,3,M,Unisex,2025-03-17 21:56:12
Crewneck 13,5447200.0,3.2,3,L,Men,2025-03-17 21:56:12
T-shirt 14,3248800.0,3.8,3,XL,Women,2025-03-17 21:56:12
Hoodie 15,2184160.0,3.6,3,XXL,Unisex,2025-03-17 21:56:12
Outerwear 17,841600.0,3.8,3,M,Women,2025-03-17 21:56:12
Jacket 18,5500000.0,3.8,3,L,Unisex,2025-03-17 21:56:12
Crewneck 19,1308960.0,3.6,3,XL,Men,2025-03-17 21:56:12
T-shirt 20,1325600.0,3.4,3,XXL,Women,2025-03-17 21:56:12
T-shirt 2,1634400.0,3.9,3,M,Women,2025-03-17 21:56:14
Hoodie 3,7950080.0,4.8,3,L,Unisex,2025-03-17 21:56:14
Pants 4,7476960.0,3.3,3,XL,Men,2025-03-17 21:56:14
Outerwear 5,5145440.0,3.5,3,XXL,Women,2025-03-17 21:56:14
Jacket 6,2453920.0,3.3,3,S,Unisex,2025-03-17 21:56:14
Crewneck 7,6892000.0,4.3,3,M,Men,2025-03-17 21:56:14
T-shirt 8,7802560.0,3.1,3,L,Women,2025-03-17 21:56:14
Hoodie 9,3972160.0,3.2,3,XL,Unisex,2025-03-17 21:56:14
Pants 10,3100160.0,4.2,3,XXL,Men,2025-03-17 21:56:14
Jacket 12,8527840.0,3.9,3,M,Unisex,2025-03-17 21:56:14
Crewneck 13,5447200.0,3.2,3,L,Men,2025-03-17 21:56:14
T-shirt 14,3248800.0,3.8,3,XL,Women,2025-03-17 21:56:14
Hoodie 15,2184160.0,3.6,3,XXL,Unisex,2025-03-17 21:56:14
Outerwear 17,841600.0,3.8,3,M,Women,2025-03-17 21:56:14
Jacket 18,5500000.0,3.8,3,L,Unisex,2025-03-17 21:56:14
Crewneck 19,1308960.0,3.6,3,XL,Men,2025-03-17 21:56:14
T-shirt 20,1325600.0,3.4,3,XXL,Women,2025-03-17 21:56:14
T-shirt 2,1634400.0,3.9,3,M,Women,2025-03-17 21:56:15
Hoodie 3,7950080.0,4.8,3,L,Unisex,2025-03-17 21:56:15
Pants 4,7476960.0,3.3,3,XL,Men,2025-03-17 21:56:15
Outerwear 5,5145440.0,3.5,3,XXL,Women,2025-03-17 21:56:15
Jacket 6,2453920.0,3.3,3,S,Unisex,2025-03-17 21:56:15
Crewneck 7,6892000.0,4.3,3,M,Men,2025-03-17 21:56:15
T-shirt 8,7802560.0,3.1,3,L,Women,2025-03-17 21:56:15
Hoodie 9,3972160.0,3.2,3,XL,Unisex,2025-03-17 21:56:15
Pants 10,3100160.0,4.2,3,XXL,Men,2025-03-17 21:56:15
Jacket 12,8527840.0,3.9,3,M,Unisex,2025-03-17 21:56:15
Crewneck 13,5447200.0,3.2,3,L,Men,2025-03-17 21:56:15
T-shirt 14,3248800.0,3.8,3,XL,Women,2025-03-17 21:56:15
Hoodie 15,2184160.0,3.6,3,XXL,Unisex,2025-03-17 21:56:15
Outerwear 17,841600.0,3.8,3,M,Women,2025-03-17 21:56:15
Jacket 18,5500000.0,3.8,3,L,Unisex,2025-03-17 21:56:15
Crewneck 19,1308960.0,3.6,3,XL,Men,2025-03-17 21:56:15
T-shirt 20,1325600.0,3.4,3,XXL,Women,2025-03-17 21:56:15
T-shirt 2,1634400.0,3.9,3,M,Women,2025-03-17 21:56:16
Hoodie 3,7950080.0,4.8,3,L,Unisex,2025-03-17 21:56:16
Pants 4,7476960.0,3.3,3,XL,Men,2025-03-17 21:56:16
Outerwear 5,5145440.0,3.5,3,XXL,Women,2025-03-17 21:56:16
Jacket 6,2453920.0,3.3,3,S,Unisex,2025-03-17 21:56:16
Crewneck 7,6892000.0,4.3,3,M,Men,2025-03-17 21:56:16
T-shirt 8,7802560.0,3.1,3,L,Women,2025-03-17 21:56:16
Hoodie 9,3972160.0,3.2,3,XL,Unisex,2025-03-17 21:56:16
Pants 10,3100160.0,4.2,3,XXL,Men,2025-03-17 21:56:16
Jacket 12,8527840.0,3.9,3,M,Unisex,2025-03-17 21:56:16
Crewneck 13,5447200.0,3.2,3,L,Men,2025-03-17 21:56:16
T-shirt 14,3248800.0,3.8,3,XL,Women,2025-03-17 21:56:16
Hoodie 15,2184160.0,3.6,3,XXL,Unisex,2025-03-17 21:56:16
Outerwear 17,841600.0,3.8,3,M,Women,2025-03-17 21:56:16
Jacket 18,5500000.0,3.8,3,L,Unisex,2025-03-17 21:56:16
Crewneck 19,1308960.0,3.6,3,XL,Men,2025-03-17 21:56:16
T-shirt 20,1325600.0,3.4,3,XXL,Women,2025-03-17 21:56:16
T-shirt 2,1634400.0,3.9,3,M,Women,2025-03-17 21:56:17
Hoodie 3,7950080.0,4.8,3,L,Unisex,2025-03-17 21:56:17
Pants 4,7476960.0,3.3,3,XL,Men,2025-03-17 21:56:17
Outerwear 5,5145440.0,3.5,3,XXL,Women,2025-03-17 21:56:17
Jacket 6,2453920.0,3.3,3,S,Unisex,2025-03-17 21:56:17
Crewneck 7,6892000.0,4.3,3,M,Men,2025-03-17 21:56:17
T-shirt 8,7802560.0,3.1,3,L,Women,2025-03-17 21:56:17
Hoodie 9,3972160.0,3.2,3,XL,Unisex,2025-03-17 21:56:17
Pants 10,3100160.0,4.2,3,XXL,Men,2025-03-17 21:56:17
Jacket 12,8527840.0,3.9,3,M,Unisex,2025-03-17 21:56:17
Crewneck 13,5447200.0,3.2,3,L,Men,2025-03-17 21:56:17
T-shirt 14,3248800.0,3.8,3,XL,Women,2025-03-17 21:56:17
Hoodie 15,2184160.0,3.6,3,XXL,Unisex,2025-03-17 21:56:17
Outerwear 17,841600.0,3.8,3,M,Women,2025-03-17 21:56:17
Jacket 18,5500000.0,3.8,3,L,Unisex,2025-03-17 21:56:17
Crewneck 19,1308960.0,3.6,3,XL,Men,2025-03-17 21:56:17
T-shirt 20,1325600.0,3.4,3,XXL,Women,2025-03-17 21:56:17
T-shirt 2,1634400.0,3.9,3,M,Women,2025-03-17 21:56:18
Hoodie 3,7950080.0,4.8,3,L,Unisex,2025-03-17 21:56:18
Pants 4,7476960.0,3.3,3,XL,Men,2025-03-17 21:56:18
Outerwear 5,5145440.0,3.5,3,XXL,Women,2025-03-17 21:56:18
Jacket 6,2453920.0,3.3,3,S,Unisex,2025-03-17 21:56:18
Crewneck 7,6892000.0,4.3,3,M,Men,2025-03-17 21:56:18
T-shirt 8,7802560.0,3.1,3,L,Women,2025-03-17 21:56:18
Hoodie 9,3972160.0,3.2,3,XL,Unisex,2025-03-17 21:56:18
Pants 10,3100160.0,4.2,3,XXL,Men,2025-03-17 21:56:18
Jacket 12,8527840.0,3.9,3,M,Unisex,2025-03-17 21:56:18
Crewneck 13,5447200.0,3.2,3,L,Men,2025-03-17 21:56:18
T-shirt 14,3248800.0,3.8,3,XL,Women,2025-03-17 21:56:18
Hoodie 15,2184160.0,3.6,3,XXL,Unisex,2025-03-17 21:56:18
Outerwear 17,841600.0,3.8,3,M,Women,2025-03-17 21:56:18
Jacket 18,5500000.0,3.8,3,L,Unisex,2025-03-17 21:56:18
Crewneck 19,1308960.0,3.6,3,XL,Men,2025-03-17 21:56:18
T-shirt 20,1325600.0,3.4,3,XXL,Women,2025-03-17 21:56:18
T-shirt 2,1634400.0,3.9,3,M,Women,2025-03-17 21:56:19
Hoodie 3,7950080.0,4.8,3,L,Unisex,2025-03-17 21:56:19
Pants 4,7476960.0,3.3,3,XL,Men,2025-03-17 21:56:19
Outerwear 5,5145440.0,3.5,3,XXL,Women,2025-03-17 21:56:19
Jacket 6,2453920.0,3.3,3,S,Unisex,2025-03-17 21:56:19
Crewneck 7,6892000.0,4.3,3,M,Men,2025-03-17 21:56:19
T-shirt 8,7802560.0,3.1,3,L,Women,2025-03-17 21:56:19
Hoodie 9,3972160.0,3.2,3,XL,Unisex,2025-03-17 21:56:19
Pants 10,3100160.0,4.2,3,XXL,Men,2025-03-17 21:56:19
Jacket 12,8527840.0,3.9,3,M,Unisex,2025-03-17 21:56:19
Crewneck 13,5447200.0,3.2,3,L,Men,2025-03-17 21:56:19
T-shirt 14,3248800.0,3.8,3,XL,Women,2025-03-17 21:56:19
Hoodie 15,2184160.0,3.6,3,XXL,Unisex,2025-03-17 21:56:19
Outerwear 17,841600.0,3.8,3,M,Women,2025-03-17 21:56:19
Jacket 18,5500000.0,3.8,3,L,Unisex,2025-03-17 21:56:19
Crewneck 19,1308960.0,3.6,3,XL,Men,2025-03-17 21:56:19
T-shirt 20,1325600.0,3.4,3,XXL,Women,2025-03-17 21:56:19
T-shirt 2,1634400.0,3.9,3,M,Women,2025-03-17 21:56:20
Hoodie 3,7950080.0,4.8,3,L,Unisex,2025-03-17 21:56:20
Pants 4,7476960.0,3.3,3,XL,Men,2025-03-17 21:56:20
Outerwear 5,5145440.0,3.5,3,XXL,Women,2025-03-17 21:56:20
Jacket 6,2453920.0,3.3,3,S,Unisex,2025-03-17 21:56:20
Crewneck 7,6892000.0,4.3,3,M,Men,2025-03-17 21:56:20
T-shirt 8,7802560.0,3.1,3,L,Women,2025-03-17 21:56:20
Hoodie 9,3972160.0,3.2,3,XL,Unisex,2025-03-17 21:56:20
Pants 10,3100160.0,4.2,3,XXL,Men,2025-03-17 21:56:20
Jacket 12,8527840.0,3.9,3,M,Unisex,2025-03-17 21:56:20
Crewneck 13,5447200.0,3.2,3,L,Men,2025-03-17 21:56:20
T-shirt 14,3248800.0,3.8,3,XL,Women,2025-03-17 21:56:20
Hoodie 15,2184160.0,3.6,3,XXL,Unisex,2025-03-17 21:56:20
Outerwear 17,841600.0,3.8,3,M,Women,2025-03-17 21:56:20
Jacket 18,5500000.0,3.8,3,L,Unisex,2025-03-17 21:56:20
Crewneck 19,1308960.0,3.6,3,XL,Men,2025-03-17 21:56:20
T-shirt 20,1325600.0,3.4,3,XXL,Women,2025-03-17 21:56:20
T-shirt 2,1634400.0,3.9,3,M,Women,2025-03-17 21:56:22
Hoodie 3,7950080.0,4.8,3,L,Unisex,2025-03-17 21:56:22
Pants 4,7476960.0,3.3,3,XL,Men,2025-03-17 21:56:22
Outerwear 5,5145440.0,3.5,3,XXL,Women,2025-03-17 21:56:22
Jacket 6,2453920.0,3.3,3,S,Unisex,2025-03-17 21:56:22
Crewneck 7,6892000.0,4.3,3,M,Men,2025-03-17 21:56:22
T-shirt 8,7802560.0,3.1,3,L,Women,2025-03-17 21:56:22
Hoodie 9,3972160.0,3.2,3,XL,Unisex,2025-03-17 21:56:22
Pants 10,3100160.0,4.2,3,XXL,Men,2025-03-17 21:56:22
Jacket 12,8527840.0,3.9,3,M,Unisex,2025-03-17 21:56:22
Crewneck 13,5447200.0,3.2,3,L,Men,2025-03-17 21:56:22
T-shirt 14,3248800.0,3.8,3,XL,Women,2025-03-17 21:56:22
Hoodie 15,2184160.0,3.6,3,XXL,Unisex,2025-03-17 21:56:22
Outerwear 17,841600.0,3.8,3,M,Women,2025-03-17 21:56:22
Jacket 18,5500000.0,3.8,3,L,Unisex,2025-03-17 21:56:22
Crewneck 19,1308960.0,3.6,3,XL,Men,2025-03-17 21:56:22
T-shirt 20,1325600.0,3.4,3,XXL,Women,2025-03-17 21:56:22
T-shirt 2,1634400.0,3.9,3,M,Women,2025-03-17 21:56:23
Hoodie 3,7950080.0,4.8,3,L,Unisex,2025-03-17 21:56:23
Pants 4,7476960.0,3.3,3,XL,Men,2025-03-17 21:56:23
Outerwear 5,5145440.0,3.5,3,XXL,Women,2025-03-17 21:56:23
Jacket 6,2453920.0,3.3,3,S,Unisex,2025-03-17 21:56:23
Crewneck 7,6892000.0,4.3,3,M,Men,2025-03-17 21:56:23
T-shirt 8,7802560.0,3.1,3,L,Women,2025-03-17 21:56:23
Hoodie 9,3972160.0,3.2,3,XL,Unisex,2025-03-17 21:56:23
Pants 10,3100160.0,4.2,3,XXL,Men,2025-03-17 21:56:23
Jacket 12,8527840.0,3.9,3,M,Unisex,2025-03-17 21:56:23
Crewneck 13,5447200.0,3.2,3,L,Men,2025-03-17 21:56:23
T-shirt 14,3248800.0,3.8,3,XL,Women,2025-03-17 21:56:23
Hoodie 15,2184160.0,3.6,3,XXL,Unisex,2025-03-17 21:56:23
Outerwear 17,841600.0,3.8,3,M,Women,2025-03-17 21:56:23
Jacket 18,5500000.0,3.8,3,L,Unisex,2025-03-17 21:56:23
Crewneck 19,1308960.0,3.6,3,XL,Men,2025-03-17 21:56:23
T-shirt 20,1325600.0,3.4,3,XXL,Women,2025-03-17 21:56:23
T-shirt 2,1634400.0,3.9,3,M,Women,2025-03-17 21:56:24
Hoodie 3,7950080.0,4.8,3,L,Unisex,2025-03-17 21:56:24
Pants 4,7476960.0,3.3,3,XL,Men,2025-03-17 21:56:24
Outerwear 5,5145440.0,3.5,3,XXL,Women,2025-03-17 21:56:24
Jacket 6,2453920.0,3.3,3,S,Unisex,2025-03-17 21:56:24
Crewneck 7,6892000.0,4.3,3,M,Men,2025-03-17 21:56:24
T-shirt 8,7802560.0,3.1,3,L,Women,2025-03-17 21:56:24
Hoodie 9,3972160.0,3.2,3,XL,Unisex,2025-03-17 21:56:24
Pants 10,3100160.0,4.2,3,XXL,Men,2025-03-17 21:56:24
Jacket 12,8527840.0,3.9,3,M,Unisex,2025-03-17 21:56:24
Crewneck 13,5447200.0,3.2,3,L,Men,2025-03-17 21:56:24
T-shirt 14,3248800.0,3.8,3,XL,Women,2025-03-17 21:56:24
Hoodie 15,2184160.0,3.6,3,XXL,Unisex,2025-03-17 21:56:24
Outerwear 17,841600.0,3.8,3,M,Women,2025-03-17 21:56:24
Jacket 18,5500000.0,3.8,3,L,Unisex,2025-03-17 21:56:24
Crewneck 19,1308960.0,3.6,3,XL,Men,2025-03-17 21:56:24
T-shirt 20,1325600.0,3.4,3,XXL,Women,2025-03-17 21:56:24
T-shirt 2,1634400.0,3.9,3,M,Women,2025-03-17 21:56:25
Hoodie 3,7950080.0,4.8,3,L,Unisex,2025-03-17 21:56:25
Pants 4,7476960.0,3.3,3,XL,Men,2025-03-17 21:56:25
Outerwear 5,5145440.0,3.5,3,XXL,Women,2025-03-17 21:56:25
Jacket 6,2453920.0,3.3,3,S,Unisex,2025-03-17 21:56:25
Crewneck 7,6892000.0,4.3,3,M,Men,2025-03-17 21:56:25
T-shirt 8,7802560.0,3.1,3,L,Women,2025-03-17 21:56:25
Hoodie 9,3972160.0,3.2,3,XL,Unisex,2025-03-17 21:56:25
Pants 10,3100160.0,4.2,3,XXL,Men,2025-03-17 21:56:25
Jacket 12,8527840.0,3.9,3,M,Unisex,2025-03-17 21:56:25
Crewneck 13,5447200.0,3.2,3,L,Men,2025-03-17 21:56:25
T-shirt 14,3248800.0,3.8,3,XL,Women,2025-03-17 21:56:25
Hoodie 15,2184160.0,3.6,3,XXL,Unisex,2025-03-17 21:56:25
Outerwear 17,841600.0,3.8,3,M,Women,2025-03-17 21:56:25
Jacket 18,5500000.0,3.8,3,L,Unisex,2025-03-17 21:56:25
Crewneck 19,1308960.0,3.6,3,XL,Men,2025-03-17 21:56:25
T-shirt 20,1325600.0,3.4,3,XXL,Women,2025-03-17 21:56:25
T-shirt 2,1634400.0,3.9,3,M,Women,2025-03-17 21:56:26
Hoodie 3,7950080.0,4.8,3,L,Unisex,2025-03-17 21:56:26
Pants 4,7476960.0,3.3,3,XL,Men,2025-03-17 21:56:26
Outerwear 5,5145440.0,3.5,3,XXL,Women,2025-03-17 21:56:26
Jacket 6,2453920.0,3.3,3,S,Unisex,2025-03-17 21:56:26
Crewneck 7,6892000.0,4.3,3,M,Men,2025-03-17 21:56:26
T-shirt 8,7802560.0,3.1,3,L,Women,2025-03-17 21:56:26
Hoodie 9,3972160.0,3.2,3,XL,Unisex,2025-03-17 21:56:26
Pants 10,3100160.0,4.2,3,XXL,Men,2025-03-17 21:56:26
Jacket 12,8527840.0,3.9,3,M,Unisex,2025-03-17 21:56:26
Crewneck 13,5447200.0,3.2,3,L,Men,2025-03-17 21:56:26
T-shirt 14,3248800.0,3.8,3,XL,Women,2025-03-17 21:56:26
Hoodie 15,2184160.0,3.6,3,XXL,Unisex,2025-03-17 21:56:26
Outerwear 17,841600.0,3.8,3,M,Women,2025-03-17 21:56:26
Jacket 18,5500000.0,3.8,3,L,Unisex,2025-03-17 21:56:26
Crewneck 19,1308960.0,3.6,3,XL,Men,2025-03-17 21:56:26
T-shirt 20,1325600.0,3.4,3,XXL,Women,2025-03-17 21:56:26
T-shirt 2,1634400.0,3.9,3,M,Women,2025-03-17 21:56:28
Hoodie 3,7950080.0,4.8,3,L,Unisex,2025-03-17 21:56:28
Pants 4,7476960.0,3.3,3,XL,Men,2025-03-17 21:56:28
Outerwear 5,5145440.0,3.5,3,XXL,Women,2025-03-17 21:56:28
Jacket 6,2453920.0,3.3,3,S,Unisex,2025-03-17 21:56:28
Crewneck 7,6892000.0,4.3,3,M,Men,2025-03-17 21:56:28
T-shirt 8,7802560.0,3.1,3,L,Women,2025-03-17 21:56:28
Hoodie 9,3972160.0,3.2,3,XL,Unisex,2025-03-17 21:56:28
Pants 10,3100160.0,4.2,3,XXL,Men,2025-03-17 21:56:28
Jacket 12,8527840.0,3.9,3,M,Unisex,2025-03-17 21:56:28
Crewneck 13,5447200.0,3.2,3,L,Men,2025-03-17 21:56:28
T-shirt 14,3248800.0,3.8,3,XL,Women,2025-03-17 21:56:28
Hoodie 15,2184160.0,3.6,3,XXL,Unisex,2025-03-17 21:56:28
Outerwear 17,841600.0,3.8,3,M,Women,2025-03-17 21:56:28
Jacket 18,5500000.0,3.8,3,L,Unisex,2025-03-17 21:56:28
Crewneck 19,1308960.0,3.6,3,XL,Men,2025-03-17 21:56:28
T-shirt 20,1325600.0,3.4,3,XXL,Women,2025-03-17 21:56:28
T-shirt 2,1634400.0,3.9,3,M,Women,2025-03-17 21:56:29
Hoodie 3,7950080.0,4.8,3,L,Unisex,2025-03-17 21:56:29
Pants 4,7476960.0,3.3,3,XL,Men,2025-03-17 21:56:29
Outerwear 5,5145440.0,3.5,3,XXL,Women,2025-03-17 21:56:29
Jacket 6,2453920.0,3.3,3,S,Unisex,2025-03-17 21:56:29
Crewneck 7,6892000.0,4.3,3,M,Men,2025-03-17 21:56:29
T-shirt 8,7802560.0,3.1,3,L,Women,2025-03-17 21:56:29
Hoodie 9,3972160.0,3.2,3,XL,Unisex,2025-03-17 21:56:29
Pants 10,3100160.0,4.2,3,XXL,Men,2025-03-17 21:56:29
Jacket 12,8527840.0,3.9,3,M,Unisex,2025-03-17 21:56:29
Crewneck 13,5447200.0,3.2,3,L,Men,2025-03-17 21:56:29
T-shirt 14,3248800.0,3.8,3,XL,Women,2025-03-17 21:56:29
Hoodie 15,2184160.0,3.6,3,XXL,Unisex,2025-03-17 21:56:29
Outerwear 17,841600.0,3.8,3,M,Women,2025-03-17 21:56:29
Jacket 18,5500000.0,3.8,3,L,Unisex,2025-03-17 21:56:29
Crewneck 19,1308960.0,3.6,3,XL,Men,2025-03-17 21:56:29
T-shirt 20,1325600.0,3.4,3,XXL,Women,2025-03-17 21:56:29
T-shirt 2,1634400.0,3.9,3,M,Women,2025-03-17 21:56:30
Hoodie 3,7950080.0,4.8,3,L,Unisex,2025-03-17 21:56:30
Pants 4,7476960.0,3.3,3,XL,Men,2025-03-17 21:56:30
Outerwear 5,5145440.0,3.5,3,XXL,Women,2025-03-17 21:56:30
Jacket 6,2453920.0,3.3,3,S,Unisex,2025-03-17 21:56:30
Crewneck 7,6892000.0,4.3,3,M,Men,2025-03-17 21:56:30
T-shirt 8,7802560.0,3.1,3,L,Women,2025-03-17 21:56:30
Hoodie 9,3972160.0,3.2,3,XL,Unisex,2025-03-17 21:56:30
Pants 10,3100160.0,4.2,3,XXL,Men,2025-03-17 21:56:30
Jacket 12,8527840.0,3.9,3,M,Unisex,2025-03-17 21:56:30
Crewneck 13,5447200.0,3.2,3,L,Men,2025-03-17 21:56:30
T-shirt 14,3248800.0,3.8,3,XL,Women,2025-03-17 21:56:30
Hoodie 15,2184160.0,3.6,3,XXL,Unisex,2025-03-17 21:56:30
Outerwear 17,841600.0,3.8,3,M,Women,2025-03-17 21:56:30
Jacket 18,5500000.0,3.8,3,L,Unisex,2025-03-17 21:56:30
Crewneck 19,1308960.0,3.6,3,XL,Men,2025-03-17 21:56:30
T-shirt 20,1325600.0,3.4,3,XXL,Women,2025-03-17 21:56:30
T-shirt 2,1634400.0,3.9,3,M,Women,2025-03-17 21:56:31
Hoodie 3,7950080.0,4.8,3,L,Unisex,2025-03-17 21:56:31
Pants 4,7476960.0,3.3,3,XL,Men,2025-03-17 21:56:31
Outerwear 5,5145440.0,3.5,3,XXL,Women,2025-03-17 21:56:31
Jacket 6,2453920.0,3.3,3,S,Unisex,2025-03-17 21:56:31
Crewneck 7,6892000.0,4.3,3,M,Men,2025-03-17 21:56:31
T-shirt 8,7802560.0,3.1,3,L,Women,2025-03-17 21:56:31
Hoodie 9,3972160.0,3.2,3,XL,Unisex,2025-03-17 21:56:31
Pants 10,3100160.0,4.2,3,XXL,Men,2025-03-17 21:56:31
Jacket 12,8527840.0,3.9,3,M,Unisex,2025-03-17 21:56:31
Crewneck 13,5447200.0,3.2,3,L,Men,2025-03-17 21:56:31
T-shirt 14,3248800.0,3.8,3,XL,Women,2025-03-17 21:56:31
Hoodie 15,2184160.0,3.6,3,XXL,Unisex,2025-03-17 21:56:31
Outerwear 17,841600.0,3.8,3,M,Women,2025-03-17 21:56:31
Jacket 18,5500000.0,3.8,3,L,Unisex,2025-03-17 21:56:31
Crewneck 19,1308960.0,3.6,3,XL,Men,2025-03-17 21:56:31
T-shirt 20,1325600.0,3.4,3,XXL,Women,2025-03-17 21:56:31
T-shirt 2,1634400.0,3.9,3,M,Women,2025-03-17 21:56:32
Hoodie 3,7950080.0,4.8,3,L,Unisex,2025-03-17 21:56:32
Pants 4,7476960.0,3.3,3,XL,Men,2025-03-17 21:56:32
Outerwear 5,5145440.0,3.5,3,XXL,Women,2025-03-17 21:56:32
Jacket 6,2453920.0,3.3,3,S,Unisex,2025-03-17 21:56:32
Crewneck 7,6892000.0,4.3,3,M,Men,2025-03-17 21:56:32
T-shirt 8,7802560.0,3.1,3,L,Women,2025-03-17 21:56:32
Hoodie 9,3972160.0,3.2,3,XL,Unisex,2025-03-17 21:56:32
Pants 10,3100160.0,4.2,3,XXL,Men,2025-03-17 21:56:32
Jacket 12,8527840.0,3.9,3,M,Unisex,2025-03-17 21:56:32
Crewneck 13,5447200.0,3.2,3,L,Men,2025-03-17 21:56:32
T-shirt 14,3248800.0,3.8,3,XL,Women,2025-03-17 21:56:32
Hoodie 15,2184160.0,3.6,3,XXL,Unisex,2025-03-17 21:56:32
Outerwear 17,841600.0,3.8,3,M,Women,2025-03-17 21:56:32
Jacket 18,5500000.0,3.8,3,L,Unisex,2025-03-17 21:56:32
Crewneck 19,1308960.0,3.6,3,XL,Men,2025-03-17 21:56:32
T-shirt 20,1325600.0,3.4,3,XXL,Women,2025-03-17 21:56:32
